[
{
	"Region": "Connecticut",
	"All_Industries_Total": "100.2",
	"Total_Manufacturing": "31.9",
	"Wholesale_Trade": "10.0",
	"Retail_Trade": "17.9",
	"Information": "2.8",
	"Finance_and_insurance": "13.0",
	"Real_estate_and_rental_and_leasing": "0.3",
	"Professional_scientific_and_technical_services": "4.1",
	"Other_Industries": "20.3"
},
{
	"Region": "Maine",
	"All_Industries_Total": "32.5",
	"Total_Manufacturing": "8.6",
	"Wholesale_Trade": "1.2",
	"Retail_Trade": "J",
	"Information": "1.0",
	"Finance_and_insurance": "3.7",
	"Real_estate_and_rental_and_leasing": "(*)",
	"Professional_scientific_and_technical_services": "0.6",
	"Other_Industries": "I"
},
{
	"Region": "Massachusetts",
	"All_Industries_Total": "193.2",
	"Total_Manufacturing": "48.9",
	"Wholesale_Trade": "16.8",
	"Retail_Trade": "36.3",
	"Information": "9.3",
	"Finance_and_insurance": "24.7",
	"Real_estate_and_rental_and_leasing": "2.3",
	"Professional_scientific_and_technical_services": "10.3",
	"Other_Industries": "44.6"
},
{
	"Region": "New Hampshire",
	"All_Industries_Total": "38.6",
	"Total_Manufacturing": "17.4",
	"Wholesale_Trade": "2.4",
	"Retail_Trade": "7.8",
	"Information": "0.5",
	"Finance_and_insurance": "3.0",
	"Real_estate_and_rental_and_leasing": "0.1",
	"Professional_scientific_and_technical_services": "0.8",
	"Other_Industries": "6.6"
},
{
	"Region": "Rhode Island",
	"All_Industries_Total": "27.3",
	"Total_Manufacturing": "3.6",
	"Wholesale_Trade": "1.6",
	"Retail_Trade": "4.6",
	"Information": "0.7",
	"Finance_and_insurance": "6.8",
	"Real_estate_and_rental_and_leasing": "0.1",
	"Professional_scientific_and_technical_services": "G",
	"Other_Industries": "I"
},
{
	"Region": "Vermont",
	"All_Industries_Total": "11.9",
	"Total_Manufacturing": "2.7",
	"Wholesale_Trade": "0.4",
	"Retail_Trade": "2.6",
	"Information": "0.5",
	"Finance_and_insurance": "0.9",
	"Real_estate_and_rental_and_leasing": "(*)",
	"Professional_scientific_and_technical_services": "0.4",
	"Other_Industries": "4.3"
},
{
	"Region": "Delaware",
	"All_Industries_Total": "26.5",
	"Total_Manufacturing": "10.5",
	"Wholesale_Trade": "1.0",
	"Retail_Trade": "2.4",
	"Information": "0.9",
	"Finance_and_insurance": "4.2",
	"Real_estate_and_rental_and_leasing": "(*)",
	"Professional_scientific_and_technical_services": "1.9",
	"Other_Industries": "5.7"
},
{
	"Region": "District of Columbia",
	"All_Industries_Total": "23.4",
	"Total_Manufacturing": "1.4",
	"Wholesale_Trade": "0.8",
	"Retail_Trade": "1.4",
	"Information": "2.1",
	"Finance_and_insurance": "0.7",
	"Real_estate_and_rental_and_leasing": "0.3",
	"Professional_scientific_and_technical_services": "4.0",
	"Other_Industries": "12.7"
},
{
	"Region": "Maryland",
	"All_Industries_Total": "106.1",
	"Total_Manufacturing": "28.9",
	"Wholesale_Trade": "6.3",
	"Retail_Trade": "30.1",
	"Information": "4.5",
	"Finance_and_insurance": "3.8",
	"Real_estate_and_rental_and_leasing": "1.3",
	"Professional_scientific_and_technical_services": "4.1",
	"Other_Industries": "27.1"
},
{
	"Region": "New Jersey",
	"All_Industries_Total": "225.1",
	"Total_Manufacturing": "70.8",
	"Wholesale_Trade": "28.4",
	"Retail_Trade": "20.2",
	"Information": "10.4",
	"Finance_and_insurance": "30.9",
	"Real_estate_and_rental_and_leasing": "2.2",
	"Professional_scientific_and_technical_services": "11.8",
	"Other_Industries": "50.5"
},
{
	"Region": "New York",
	"All_Industries_Total": "405.4",
	"Total_Manufacturing": "62.5",
	"Wholesale_Trade": "34.5",
	"Retail_Trade": "43.8",
	"Information": "27.8",
	"Finance_and_insurance": "82.3",
	"Real_estate_and_rental_and_leasing": "3.9",
	"Professional_scientific_and_technical_services": "33.3",
	"Other_Industries": "117.5"
},
{
	"Region": "Pennsylvania",
	"All_Industries_Total": "275.3",
	"Total_Manufacturing": "111.0",
	"Wholesale_Trade": "17.3",
	"Retail_Trade": "35.7",
	"Information": "7.5",
	"Finance_and_insurance": "15.8",
	"Real_estate_and_rental_and_leasing": "1.6",
	"Professional_scientific_and_technical_services": "17.9",
	"Other_Industries": "68.6"
},
{
	"Region": "Illinois",
	"All_Industries_Total": "272.8",
	"Total_Manufacturing": "101.4",
	"Wholesale_Trade": "30.1",
	"Retail_Trade": "15.7",
	"Information": "10.4",
	"Finance_and_insurance": "20.8",
	"Real_estate_and_rental_and_leasing": "1.4",
	"Professional_scientific_and_technical_services": "20.9",
	"Other_Industries": "72.0"
},
{
	"Region": "Indiana",
	"All_Industries_Total": "152.7",
	"Total_Manufacturing": "97.9",
	"Wholesale_Trade": "13.3",
	"Retail_Trade": "6.1",
	"Information": "5.8",
	"Finance_and_insurance": "1.5",
	"Real_estate_and_rental_and_leasing": "0.2",
	"Professional_scientific_and_technical_services": "2.1",
	"Other_Industries": "25.8"
},
{
	"Region": "Michigan",
	"All_Industries_Total": "187.6",
	"Total_Manufacturing": "115.8",
	"Wholesale_Trade": "13.8",
	"Retail_Trade": "5.1",
	"Information": "5.3",
	"Finance_and_insurance": "4.7",
	"Real_estate_and_rental_and_leasing": "0.3",
	"Professional_scientific_and_technical_services": "8.6",
	"Other_Industries": "34.1"
},
{
	"Region": "Ohio",
	"All_Industries_Total": "224.0",
	"Total_Manufacturing": "123.6",
	"Wholesale_Trade": "14.4",
	"Retail_Trade": "16.5",
	"Information": "6.0",
	"Finance_and_insurance": "5.9",
	"Real_estate_and_rental_and_leasing": "0.6",
	"Professional_scientific_and_technical_services": "9.3",
	"Other_Industries": "47.7"
},
{
	"Region": "Wisconsin",
	"All_Industries_Total": "85.6",
	"Total_Manufacturing": "41.1",
	"Wholesale_Trade": "6.0",
	"Retail_Trade": "3.5",
	"Information": "2.3",
	"Finance_and_insurance": "7.5",
	"Real_estate_and_rental_and_leasing": "0.1",
	"Professional_scientific_and_technical_services": "1.4",
	"Other_Industries": "23.6"
},
{
	"Region": "Iowa",
	"All_Industries_Total": "51.2",
	"Total_Manufacturing": "24.4",
	"Wholesale_Trade": "2.8",
	"Retail_Trade": "1.3",
	"Information": "2.9",
	"Finance_and_insurance": "7.9",
	"Real_estate_and_rental_and_leasing": "0.1",
	"Professional_scientific_and_technical_services": "1.0",
	"Other_Industries": "10.9"
},
{
	"Region": "Kansas",
	"All_Industries_Total": "58.4",
	"Total_Manufacturing": "31.3",
	"Wholesale_Trade": "7.2",
	"Retail_Trade": "1.7",
	"Information": "2.8",
	"Finance_and_insurance": "2.3",
	"Real_estate_and_rental_and_leasing": "0.2",
	"Professional_scientific_and_technical_services": "1.3",
	"Other_Industries": "11.5"
},
{
	"Region": "Minnesota",
	"All_Industries_Total": "97.9",
	"Total_Manufacturing": "32.5",
	"Wholesale_Trade": "9.2",
	"Retail_Trade": "4.1",
	"Information": "13.3",
	"Finance_and_insurance": "6.8",
	"Real_estate_and_rental_and_leasing": "0.7",
	"Professional_scientific_and_technical_services": "4.8",
	"Other_Industries": "26.4"
},
{
	"Region": "Missouri",
	"All_Industries_Total": "89.6",
	"Total_Manufacturing": "47.3",
	"Wholesale_Trade": "6.5",
	"Retail_Trade": "3.8",
	"Information": "3.0",
	"Finance_and_insurance": "2.5",
	"Real_estate_and_rental_and_leasing": "0.1",
	"Professional_scientific_and_technical_services": "3.7",
	"Other_Industries": "22.7"
},
{
	"Region": "Nebraska",
	"All_Industries_Total": "27.0",
	"Total_Manufacturing": "15.3",
	"Wholesale_Trade": "1.3",
	"Retail_Trade": "0.8",
	"Information": "0.3",
	"Finance_and_insurance": "2.6",
	"Real_estate_and_rental_and_leasing": "(*)",
	"Professional_scientific_and_technical_services": "0.7",
	"Other_Industries": "6.0"
},
{
	"Region": "North Dakota",
	"All_Industries_Total": "15.3",
	"Total_Manufacturing": "7.1",
	"Wholesale_Trade": "1.0",
	"Retail_Trade": "0.2",
	"Information": "0.1",
	"Finance_and_insurance": "0.7",
	"Real_estate_and_rental_and_leasing": "(*)",
	"Professional_scientific_and_technical_services": "0.2",
	"Other_Industries": "5.9"
},
{
	"Region": "South Dakota",
	"All_Industries_Total": "9.6",
	"Total_Manufacturing": "5.0",
	"Wholesale_Trade": "0.6",
	"Retail_Trade": "0.1",
	"Information": "A",
	"Finance_and_insurance": "0.7",
	"Real_estate_and_rental_and_leasing": "(*)",
	"Professional_scientific_and_technical_services": "0.2",
	"Other_Industries": "H"
},
{
	"Region": "Alabama",
	"All_Industries_Total": "86.4",
	"Total_Manufacturing": "51.4",
	"Wholesale_Trade": "9.0",
	"Retail_Trade": "2.0",
	"Information": "1.7",
	"Finance_and_insurance": "H",
	"Real_estate_and_rental_and_leasing": "0.4",
	"Professional_scientific_and_technical_services": "3.6",
	"Other_Industries": "J"
},
{
	"Region": "Arkansas",
	"All_Industries_Total": "41.5",
	"Total_Manufacturing": "28.5",
	"Wholesale_Trade": "2.1",
	"Retail_Trade": "0.7",
	"Information": "0.6",
	"Finance_and_insurance": "0.8",
	"Real_estate_and_rental_and_leasing": "(*)",
	"Professional_scientific_and_technical_services": "1.5",
	"Other_Industries": "7.5"
},
{
	"Region": "Florida",
	"All_Industries_Total": "245.8",
	"Total_Manufacturing": "58.6",
	"Wholesale_Trade": "20.5",
	"Retail_Trade": "27.7",
	"Information": "12.5",
	"Finance_and_insurance": "18.4",
	"Real_estate_and_rental_and_leasing": "10.4",
	"Professional_scientific_and_technical_services": "8.5",
	"Other_Industries": "89.3"
},
{
	"Region": "Georgia",
	"All_Industries_Total": "196.3",
	"Total_Manufacturing": "75.5",
	"Wholesale_Trade": "31.0",
	"Retail_Trade": "11.3",
	"Information": "7.6",
	"Finance_and_insurance": "5.5",
	"Real_estate_and_rental_and_leasing": "2.3",
	"Professional_scientific_and_technical_services": "10.4",
	"Other_Industries": "52.7"
},
{
	"Region": "Kentucky",
	"All_Industries_Total": "95.4",
	"Total_Manufacturing": "53.9",
	"Wholesale_Trade": "15.8",
	"Retail_Trade": "2.7",
	"Information": "2.4",
	"Finance_and_insurance": "1.5",
	"Real_estate_and_rental_and_leasing": "0.3",
	"Professional_scientific_and_technical_services": "1.7",
	"Other_Industries": "17.2"
},
{
	"Region": "Louisiana",
	"All_Industries_Total": "58.3",
	"Total_Manufacturing": "19.3",
	"Wholesale_Trade": "3.9",
	"Retail_Trade": "2.6",
	"Information": "0.4",
	"Finance_and_insurance": "0.5",
	"Real_estate_and_rental_and_leasing": "0.2",
	"Professional_scientific_and_technical_services": "5.5",
	"Other_Industries": "26.0"
},
{
	"Region": "Mississippi",
	"All_Industries_Total": "34.1",
	"Total_Manufacturing": "13.3",
	"Wholesale_Trade": "8.1",
	"Retail_Trade": "0.7",
	"Information": "0.2",
	"Finance_and_insurance": "0.3",
	"Real_estate_and_rental_and_leasing": "(*)",
	"Professional_scientific_and_technical_services": "1.0",
	"Other_Industries": "10.6"
},
{
	"Region": "North Carolina",
	"All_Industries_Total": "203.4",
	"Total_Manufacturing": "99.2",
	"Wholesale_Trade": "14.6",
	"Retail_Trade": "38.0",
	"Information": "3.0",
	"Finance_and_insurance": "4.7",
	"Real_estate_and_rental_and_leasing": "0.6",
	"Professional_scientific_and_technical_services": "5.0",
	"Other_Industries": "38.2"
},
{
	"Region": "South Carolina",
	"All_Industries_Total": "115.9",
	"Total_Manufacturing": "65.6",
	"Wholesale_Trade": "10.9",
	"Retail_Trade": "9.4",
	"Information": "1.6",
	"Finance_and_insurance": "2.2",
	"Real_estate_and_rental_and_leasing": "0.6",
	"Professional_scientific_and_technical_services": "3.9",
	"Other_Industries": "21.8"
},
{
	"Region": "Tennessee",
	"All_Industries_Total": "125.7",
	"Total_Manufacturing": "62.2",
	"Wholesale_Trade": "18.8",
	"Retail_Trade": "5.6",
	"Information": "3.0",
	"Finance_and_insurance": "2.5",
	"Real_estate_and_rental_and_leasing": "0.2",
	"Professional_scientific_and_technical_services": "3.4",
	"Other_Industries": "29.9"
},
{
	"Region": "Virginia:",
	"All_Industries_Total": "154.4",
	"Total_Manufacturing": "44.5",
	"Wholesale_Trade": "15.4",
	"Retail_Trade": "37.4",
	"Information": "5.3",
	"Finance_and_insurance": "2.5",
	"Real_estate_and_rental_and_leasing": "0.9",
	"Professional_scientific_and_technical_services": "16.1",
	"Other_Industries": "32.3"
},
{
	"Region": "West Virginia",
	"All_Industries_Total": "29.3",
	"Total_Manufacturing": "14.4",
	"Wholesale_Trade": "2.3",
	"Retail_Trade": "2.7",
	"Information": "0.1",
	"Finance_and_insurance": "0.1",
	"Real_estate_and_rental_and_leasing": "(*)",
	"Professional_scientific_and_technical_services": "0.5",
	"Other_Industries": "9.2"
},
{
	"Region": "Arizona",
	"All_Industries_Total": "83.0",
	"Total_Manufacturing": "23.2",
	"Wholesale_Trade": "8.0",
	"Retail_Trade": "10.2",
	"Information": "2.4",
	"Finance_and_insurance": "4.3",
	"Real_estate_and_rental_and_leasing": "1.1",
	"Professional_scientific_and_technical_services": "3.0",
	"Other_Industries": "30.7"
},
{
	"Region": "New Mexico",
	"All_Industries_Total": "20.2",
	"Total_Manufacturing": "6.7",
	"Wholesale_Trade": "1.4",
	"Retail_Trade": "1.1",
	"Information": "1.9",
	"Finance_and_insurance": "0.5",
	"Real_estate_and_rental_and_leasing": "(*)",
	"Professional_scientific_and_technical_services": "G",
	"Other_Industries": "I"
},
{
	"Region": "Oklahoma",
	"All_Industries_Total": "48.2",
	"Total_Manufacturing": "24.8",
	"Wholesale_Trade": "2.9",
	"Retail_Trade": "1.3",
	"Information": "0.6",
	"Finance_and_insurance": "0.7",
	"Real_estate_and_rental_and_leasing": "0.2",
	"Professional_scientific_and_technical_services": "1.4",
	"Other_Industries": "16.5"
},
{
	"Region": "Texas",
	"All_Industries_Total": "476.4",
	"Total_Manufacturing": "175.6",
	"Wholesale_Trade": "53.3",
	"Retail_Trade": "15.7",
	"Information": "14.9",
	"Finance_and_insurance": "18.4",
	"Real_estate_and_rental_and_leasing": "7.0",
	"Professional_scientific_and_technical_services": "35.3",
	"Other_Industries": "156.3"
},
{
	"Region": "Colorado",
	"All_Industries_Total": "83.6",
	"Total_Manufacturing": "30.0",
	"Wholesale_Trade": "7.1",
	"Retail_Trade": "4.4",
	"Information": "5.8",
	"Finance_and_insurance": "6.9",
	"Real_estate_and_rental_and_leasing": "0.3",
	"Professional_scientific_and_technical_services": "4.1",
	"Other_Industries": "25.0"
},
{
	"Region": "Idaho",
	"All_Industries_Total": "13.9",
	"Total_Manufacturing": "5.5",
	"Wholesale_Trade": "0.8",
	"Retail_Trade": "0.7",
	"Information": "G",
	"Finance_and_insurance": "0.2",
	"Real_estate_and_rental_and_leasing": "(*)",
	"Professional_scientific_and_technical_services": "0.6",
	"Other_Industries": "I"
},
{
	"Region": "Montana",
	"All_Industries_Total": "7.2",
	"Total_Manufacturing": "1.8",
	"Wholesale_Trade": "0.7",
	"Retail_Trade": "0.2",
	"Information": "0.1",
	"Finance_and_insurance": "0.5",
	"Real_estate_and_rental_and_leasing": "0.1",
	"Professional_scientific_and_technical_services": "0.3",
	"Other_Industries": "3.4"
},
{
	"Region": "Utah",
	"All_Industries_Total": "35.6",
	"Total_Manufacturing": "13.5",
	"Wholesale_Trade": "3.0",
	"Retail_Trade": "1.3",
	"Information": "1.0",
	"Finance_and_insurance": "1.7",
	"Real_estate_and_rental_and_leasing": "0.2",
	"Professional_scientific_and_technical_services": "0.8",
	"Other_Industries": "14.1"
},
{
	"Region": "Wyoming",
	"All_Industries_Total": "9.0",
	"Total_Manufacturing": "2.9",
	"Wholesale_Trade": "0.2",
	"Retail_Trade": "0.3",
	"Information": "0.1",
	"Finance_and_insurance": "0.4",
	"Real_estate_and_rental_and_leasing": "(*)",
	"Professional_scientific_and_technical_services": "0.4",
	"Other_Industries": "4.6"
},
{
	"Region": "Alaska",
	"All_Industries_Total": "14.4",
	"Total_Manufacturing": "5.9",
	"Wholesale_Trade": "0.4",
	"Retail_Trade": "1.3",
	"Information": "0.1",
	"Finance_and_insurance": "0.1",
	"Real_estate_and_rental_and_leasing": "A",
	"Professional_scientific_and_technical_services": "0.2",
	"Other_Industries": "I"
},
{
	"Region": "California",
	"All_Industries_Total": "602.8",
	"Total_Manufacturing": "182.7",
	"Wholesale_Trade": "86.8",
	"Retail_Trade": "49.9",
	"Information": "37.8",
	"Finance_and_insurance": "42.4",
	"Real_estate_and_rental_and_leasing": "5.8",
	"Professional_scientific_and_technical_services": "31.2",
	"Other_Industries": "166.1"
},
{
	"Region": "Hawaii",
	"All_Industries_Total": "32.1",
	"Total_Manufacturing": "3.0",
	"Wholesale_Trade": "1.0",
	"Retail_Trade": "5.6",
	"Information": "0.4",
	"Finance_and_insurance": "2.9",
	"Real_estate_and_rental_and_leasing": "G",
	"Professional_scientific_and_technical_services": "0.2",
	"Other_Industries": "J"
},
{
	"Region": "Nevada",
	"All_Industries_Total": "40.0",
	"Total_Manufacturing": "8.7",
	"Wholesale_Trade": "2.3",
	"Retail_Trade": "3.6",
	"Information": "1.1",
	"Finance_and_insurance": "H",
	"Real_estate_and_rental_and_leasing": "1.3",
	"Professional_scientific_and_technical_services": "1.3",
	"Other_Industries": "J"
},
{
	"Region": "Oregon",
	"All_Industries_Total": "46.3",
	"Total_Manufacturing": "15.8",
	"Wholesale_Trade": "9.3",
	"Retail_Trade": "2.6",
	"Information": "2.7",
	"Finance_and_insurance": "1.3",
	"Real_estate_and_rental_and_leasing": "0.2",
	"Professional_scientific_and_technical_services": "0.7",
	"Other_Industries": "13.6"
},
{
	"Region": "Washington",
	"All_Industries_Total": "97.9",
	"Total_Manufacturing": "33.2",
	"Wholesale_Trade": "13.2",
	"Retail_Trade": "4.7",
	"Information": "9.4",
	"Finance_and_insurance": "2.7",
	"Real_estate_and_rental_and_leasing": "0.6",
	"Professional_scientific_and_technical_services": "6.4",
	"Other_Industries": "27.6"
},
{
	"Region": "Puerto Rico",
	"All_Industries_Total": "18.2",
	"Total_Manufacturing": "7.3",
	"Wholesale_Trade": "0.8",
	"Retail_Trade": "0.6",
	"Information": "0.7",
	"Finance_and_insurance": "4.8",
	"Real_estate_and_rental_and_leasing": "A",
	"Professional_scientific_and_technical_services": "0.1",
	"Other_Industries": "H"
},
{
	"Region": "Other U.S. areas",
	"All_Industries_Total": "17.2",
	"Total_Manufacturing": "5.3",
	"Wholesale_Trade": "0.1",
	"Retail_Trade": "G",
	"Information": "0.7",
	"Finance_and_insurance": "0.4",
	"Real_estate_and_rental_and_leasing": "A",
	"Professional_scientific_and_technical_services": "0.2",
	"Other_Industries": "I"
}
]
